学生名称,第一阶段期望好感值,第二阶段期望好感值,第三阶段期望好感值,完整三阶段期望好感值,每枚制造石期望好感值,240好感值礼物,180好感值礼物,120好感值礼物,80好感值礼物,60好感值礼物,40好感值礼物,20好感值礼物
爱露,14.518231,13.33602,49.910906,77.765157,77.765157,清新的花束、美丽花束,高级蛋形工艺品,其他紫礼物,,藏宝图、初音未来的拍立得、闪烁的花束,世界上最没用的机器、看似昂贵的贪婪之坛、发条音乐盒,其他金礼物
艾米,14.881187,13.739582,50.413437,79.034206,79.034206,清新的花束、美丽花束,高级蛋形工艺品,其他紫礼物,,发条音乐盒、初音未来的拍立得、闪烁的花束,埃帕蓝牙耳机、藏宝图、世界上最没用的机器、看似昂贵的贪婪之坛,其他金礼物
晴奈,13.429364,12.985223,49.507375,75.921962,75.921962,音乐演奏会门票、清新的花束、美丽花束,,其他紫礼物,,刺绣手绢、初音未来的拍立得、闪烁的花束,,其他金礼物
日富美,13.79232,12.990144,50.009906,76.79237,76.79237,莎姆艾菈【Beyond】、清新的花束、美丽花束,,其他紫礼物,,佩洛洛健腹轮、初音未来的拍立得、闪烁的花束,波浪猫枕头,其他金礼物
日奈,13.429364,12.37641,49.507375,75.313149,75.313149,莎姆艾菈【Beyond】、清新的花束、美丽花束,,其他紫礼物,,世界上最没用的机器、初音未来的拍立得、闪烁的花束,,其他金礼物
星野,13.429364,12.37641,51.715499,77.521273,77.521273,蕾丝枕头、高级蛋形工艺品、清新的花束、美丽花束,,其他紫礼物,,藏宝图、初音未来的拍立得、闪烁的花束,,其他金礼物
伊织,14.881187,13.673039,50.413437,78.967663,78.967663,清新的花束、美丽花束,千层酥咖啡厅的正宗芭菲,其他紫礼物,,MX-野外战口粮 C型 甜品风味、初音未来的拍立得、闪烁的花束,迷彩伪装用粉底液3件套、高级曲奇礼盒套装、抹茶味弹珠汽水、大型蛋糕,其他金礼物
真纪,14.881187,13.534128,50.413437,78.828752,78.828752,清新的花束、美丽花束,桌游《人生》,其他紫礼物,,绘画颜料30色套装、初音未来的拍立得、闪烁的花束,天体望远镜、装扮用圈圈眼镜、蝴蝶结玩具熊、益智魔方,其他金礼物
妮露,14.881187,13.534128,50.413437,78.828752,78.828752,清新的花束、美丽花束,桌游《人生》,其他紫礼物,,装扮用圈圈眼镜、初音未来的拍立得、闪烁的花束,天体望远镜、蝴蝶结玩具熊、绘画颜料30色套装、益智魔方,其他金礼物
泉,14.518231,13.33602,49.910906,77.765157,77.765157,清新的花束、美丽花束,千层酥咖啡厅的正宗芭菲,其他紫礼物,,抹茶味弹珠汽水、初音未来的拍立得、闪烁的花束,高级曲奇礼盒套装、MX-野外战口粮 C型 甜品风味、大型蛋糕,其他金礼物
白子,13.79232,13.000686,48.905844,75.69885,75.69885,清新的花束、美丽花束,一天三次哑铃套装,其他紫礼物,,佩洛洛健腹轮、初音未来的拍立得、闪烁的花束,健身圈,其他金礼物
瞬,14.155275,13.151442,49.408375,76.715092,76.715092,清新的花束、美丽花束,莎姆艾菈【Beyond】,其他紫礼物,,让皮肤更加白皙透亮的护肤霜、初音未来的拍立得、闪烁的花束,樱桃唇彩、迷彩伪装用粉底液3件套,其他金礼物
堇,13.79232,13.000686,48.905844,75.69885,75.69885,清新的花束、美丽花束,一天三次哑铃套装,其他紫礼物,,健身圈、初音未来的拍立得、闪烁的花束,佩洛洛健腹轮,其他金礼物
鹤城,13.429364,12.308764,49.507375,75.245503,75.245503,时髦梳子、清新的花束、美丽花束,,其他紫礼物,,"无法实现的爱恋
~正因为是不被世间容许的爱，才更令人流连忘返~、初音未来的拍立得、闪烁的花束",,其他金礼物
茜,13.429364,12.985223,48.403313,74.8179,74.8179,清新的花束、美丽花束,针线套装,其他紫礼物,,可爱的餐具套装、初音未来的拍立得、闪烁的花束,,其他金礼物
千世,15.244143,13.739,50.915968,79.899111,79.899111,清新的花束、美丽花束,街头混混系列第1本,其他紫礼物,,古典诗集、初音未来的拍立得、闪烁的花束,"无法实现的爱恋
~正因为是不被世间容许的爱，才更令人流连忘返~、游戏杂志《HIT GIRLS》、《枪、可爱、青春》、跳跃侦探兔
~由大雾引发的温泉滑倒事件~、百科全书",其他金礼物
明里,13.79232,12.890329,50.009906,76.692555,76.692555,千层酥咖啡厅的正宗芭菲、清新的花束、美丽花束,,其他紫礼物,,高档自助餐招待券、初音未来的拍立得、闪烁的花束,大型蛋糕,其他金礼物
莲见,14.881187,13.739582,50.413437,79.034206,79.034206,清新的花束、美丽花束,千层酥咖啡厅的正宗芭菲,其他紫礼物,,大型蛋糕、初音未来的拍立得、闪烁的花束,高级曲奇礼盒套装、MX-野外战口粮 C型 甜品风味、抹茶味弹珠汽水、高档自助餐招待券,其他金礼物
野宫,14.155275,13.151442,49.408375,76.715092,76.715092,清新的花束、美丽花束,莎姆艾菈【Beyond】,其他紫礼物,,樱桃唇彩、初音未来的拍立得、闪烁的花束,让皮肤更加白皙透亮的护肤霜、迷彩伪装用粉底液3件套,其他金礼物
佳代子,14.155275,13.309257,49.408375,76.872907,76.872907,清新的花束、美丽花束,A-Book Rare,其他紫礼物,,埃帕蓝牙耳机、初音未来的拍立得、闪烁的花束,Game Girl Color复刻版、发条音乐盒,其他金礼物
睦月,15.970054,14.72541,51.92103,82.616494,82.616494,清新的花束、美丽花束,桌游《人生》,其他紫礼物,装扮用圈圈眼镜,初音未来的拍立得、闪烁的花束,天体望远镜、蝴蝶结玩具熊、绘画颜料30色套装、益智魔方、食虫植物盆栽、看似昂贵的贪婪之坛,其他金礼物
纯子,14.518231,13.33602,49.910906,77.765157,77.765157,清新的花束、美丽花束,千层酥咖啡厅的正宗芭菲,其他紫礼物,,高级曲奇礼盒套装、初音未来的拍立得、闪烁的花束,MX-野外战口粮 C型 甜品风味、抹茶味弹珠汽水、大型蛋糕,其他金礼物
芹香,14.518231,13.33602,49.910906,77.765157,77.765157,清新的花束、美丽花束,高级蛋形工艺品,其他紫礼物,,看似昂贵的贪婪之坛、初音未来的拍立得、闪烁的花束,藏宝图、世界上最没用的机器、发条音乐盒,其他金礼物
椿,13.79232,13.000686,51.113968,77.906974,77.906974,最高级枫树盆栽、清新的花束、美丽花束,蕾丝枕头,其他紫礼物,,波浪猫枕头、初音未来的拍立得、闪烁的花束,果冻抱枕,其他金礼物
优香,13.429364,12.335823,51.715499,77.480686,77.480686,A-Book Rare、营养满分综合维他命果冻、清新的花束、美丽花束,,其他紫礼物,,益智魔方、初音未来的拍立得、闪烁的花束,,其他金礼物
春香,14.155275,13.581215,49.408375,77.144865,77.144865,清新的花束、美丽花束,最高级枫树盆栽,其他紫礼物,,食虫植物盆栽、初音未来的拍立得、闪烁的花束,装扮用圈圈眼镜、看似昂贵的贪婪之坛,其他金礼物
明日奈,14.155275,13.151442,51.616499,78.923216,78.923216,千层酥咖啡厅的正宗芭菲、清新的花束、美丽花束,莎姆艾菈【Beyond】,其他紫礼物,,樱桃唇彩、初音未来的拍立得、闪烁的花束,让皮肤更加白皙透亮的护肤霜、迷彩伪装用粉底液3件套,其他金礼物
琴里,15.607098,14.337368,53.626622,83.571088,83.571088,A-Book Rare、清新的花束、美丽花束,街头混混系列第1本,其他紫礼物,,百科全书、初音未来的拍立得、闪烁的花束,"无法实现的爱恋
~正因为是不被世间容许的爱，才更令人流连忘返~、游戏杂志《HIT GIRLS》、《枪、可爱、青春》、跳跃侦探兔
~由大雾引发的温泉滑倒事件~、古典诗集、营养补充剂",其他金礼物
铃美,13.429364,12.335823,49.507375,75.272562,75.272562,音乐演奏会门票、清新的花束、美丽花束,,其他紫礼物,,蝴蝶结玩具熊、初音未来的拍立得、闪烁的花束,,其他金礼物
菲娜,13.429364,12.579348,49.507375,75.516087,75.516087,针线套装、清新的花束、美丽花束,,其他紫礼物,,电影预售票、初音未来的拍立得、闪烁的花束,,其他金礼物
响,13.79232,13.000686,48.905844,75.69885,75.69885,清新的花束、美丽花束,A-Book Rare,其他紫礼物,,埃帕蓝牙耳机、初音未来的拍立得、闪烁的花束,Game Girl Color复刻版,其他金礼物
花凛,13.429364,12.335823,49.507375,75.272562,75.272562,针线套装、清新的花束、美丽花束,,其他紫礼物,,益智魔方、初音未来的拍立得、闪烁的花束,,其他金礼物
纱绫,13.79232,13.262933,48.905844,75.961097,75.961097,清新的花束、美丽花束,营养满分综合维他命果冻,其他紫礼物,,营养补充剂、初音未来的拍立得、闪烁的花束,百科全书,其他金礼物
爱理,14.518231,13.33602,49.910906,77.765157,77.765157,清新的花束、美丽花束,千层酥咖啡厅的正宗芭菲,其他紫礼物,,高级曲奇礼盒套装、初音未来的拍立得、闪烁的花束,MX-野外战口粮 C型 甜品风味、抹茶味弹珠汽水、大型蛋糕,其他金礼物
风香,13.429364,12.985223,48.403313,74.8179,74.8179,清新的花束、美丽花束,针线套装,其他紫礼物,,可爱的餐具套装、初音未来的拍立得、闪烁的花束,,其他金礼物
花江,14.155275,13.151442,49.408375,76.715092,76.715092,清新的花束、美丽花束,莎姆艾菈【Beyond】,其他紫礼物,,让皮肤更加白皙透亮的护肤霜、初音未来的拍立得、闪烁的花束,樱桃唇彩、迷彩伪装用粉底液3件套,其他金礼物
晴,14.155275,13.124581,50.512437,77.792293,77.792293,A-Book Rare、清新的花束、美丽花束,,其他紫礼物,,游戏杂志《HIT GIRLS》、初音未来的拍立得、闪烁的花束,Game Girl Color复刻版、健身圈,其他金礼物
歌原,13.429364,12.335823,49.507375,75.272562,75.272562,A-Book Rare、清新的花束、美丽花束,,其他紫礼物,,天体望远镜、初音未来的拍立得、闪烁的花束,,其他金礼物
绫音,15.244143,13.739,50.915968,79.899111,79.899111,清新的花束、美丽花束,街头混混系列第1本,其他紫礼物,,《枪、可爱、青春》、初音未来的拍立得、闪烁的花束,"无法实现的爱恋
~正因为是不被世间容许的爱，才更令人流连忘返~、游戏杂志《HIT GIRLS》、跳跃侦探兔
~由大雾引发的温泉滑倒事件~、古典诗集、百科全书",其他金礼物
千夏,15.244143,13.739,53.124091,82.107234,82.107234,高级蛋形工艺品、清新的花束、美丽花束,街头混混系列第1本,其他紫礼物,,《枪、可爱、青春》、初音未来的拍立得、闪烁的花束,"无法实现的爱恋
~正因为是不被世间容许的爱，才更令人流连忘返~、游戏杂志《HIT GIRLS》、跳跃侦探兔
~由大雾引发的温泉滑倒事件~、古典诗集、百科全书",其他金礼物
小玉,14.881187,13.534128,50.413437,78.828752,78.828752,清新的花束、美丽花束,桌游《人生》,其他紫礼物,,蝴蝶结玩具熊、初音未来的拍立得、闪烁的花束,天体望远镜、装扮用圈圈眼镜、绘画颜料30色套装、益智魔方,其他金礼物
朱莉,13.429364,12.335823,49.507375,75.272562,75.272562,营养满分综合维他命果冻、清新的花束、美丽花束,,其他紫礼物,,绘画颜料30色套装、初音未来的拍立得、闪烁的花束,,其他金礼物
芹娜,13.429364,12.579348,51.715499,77.724211,77.724211,莎姆艾菈【Beyond】、营养满分综合维他命果冻、清新的花束、美丽花束,,其他紫礼物,,果冻抱枕、初音未来的拍立得、闪烁的花束,,其他金礼物
志美子,15.244143,13.739,50.915968,79.899111,79.899111,清新的花束、美丽花束,街头混混系列第1本,其他紫礼物,,"跳跃侦探兔
~由大雾引发的温泉滑倒事件~、初音未来的拍立得、闪烁的花束","无法实现的爱恋
~正因为是不被世间容许的爱，才更令人流连忘返~、游戏杂志《HIT GIRLS》、《枪、可爱、青春》、古典诗集、百科全书",其他金礼物
好美,14.518231,13.33602,49.910906,77.765157,77.765157,清新的花束、美丽花束,千层酥咖啡厅的正宗芭菲,其他紫礼物,,高级曲奇礼盒套装、初音未来的拍立得、闪烁的花束,MX-野外战口粮 C型 甜品风味、抹茶味弹珠汽水、大型蛋糕,其他金礼物
真白,13.79232,12.755038,50.009906,76.557264,76.557264,营养满分综合维他命果冻、清新的花束、美丽花束,,其他紫礼物,,迷彩伪装用粉底液3件套、初音未来的拍立得、闪烁的花束,MX-野外战口粮 C型 甜品风味,其他金礼物
泉奈,13.429364,12.985223,48.403313,74.8179,74.8179,清新的花束、美丽花束,时髦梳子,其他紫礼物,,刺绣手绢、初音未来的拍立得、闪烁的花束,,其他金礼物
静子,13.429364,12.985223,48.403313,74.8179,74.8179,清新的花束、美丽花束,营养满分综合维他命果冻,其他紫礼物,,营养补充剂、初音未来的拍立得、闪烁的花束,,其他金礼物
爱丽丝,14.155275,13.124581,50.512437,77.792293,77.792293,桌游《人生》、清新的花束、美丽花束,,其他紫礼物,,游戏杂志《HIT GIRLS》、初音未来的拍立得、闪烁的花束,Game Girl Color复刻版、健身圈,其他金礼物
绿,13.429364,12.579348,49.507375,75.516087,75.516087,桌游《人生》、清新的花束、美丽花束,,其他紫礼物,,果冻抱枕、初音未来的拍立得、闪烁的花束,,其他金礼物
桃,14.155275,13.262064,50.512437,77.929776,77.929776,桌游《人生》、清新的花束、美丽花束,,其他紫礼物,,Game Girl Color复刻版、初音未来的拍立得、闪烁的花束,游戏杂志《HIT GIRLS》、健身圈,其他金礼物
切里诺,15.607098,14.511124,51.418499,81.536721,81.536721,清新的花束、美丽花束,高级蛋形工艺品,其他紫礼物,,看似昂贵的贪婪之坛、初音未来的拍立得、闪烁的花束,藏宝图、装扮用圈圈眼镜、世界上最没用的机器、大型蛋糕、食虫植物盆栽、发条音乐盒,其他金礼物
和香,14.881187,13.598188,50.413437,78.892812,78.892812,清新的花束、美丽花束,千层酥咖啡厅的正宗芭菲,其他紫礼物,,天体望远镜、初音未来的拍立得、闪烁的花束,高级曲奇礼盒套装、MX-野外战口粮 C型 甜品风味、抹茶味弹珠汽水、大型蛋糕,其他金礼物
柚子,14.518231,13.67861,49.910906,78.107747,78.107747,清新的花束、美丽花束,A-Book Rare,其他紫礼物,,Game Girl Color复刻版、初音未来的拍立得、闪烁的花束,埃帕蓝牙耳机、游戏杂志《HIT GIRLS》、健身圈,其他金礼物
梓,14.518231,13.749335,49.910906,78.178472,78.178472,清新的花束、美丽花束,时髦梳子,其他紫礼物,,蝴蝶结玩具熊、初音未来的拍立得、闪烁的花束,波浪猫枕头、佩洛洛健腹轮、刺绣手绢,其他金礼物
花子,15.970054,14.353729,51.92103,82.244813,82.244813,清新的花束、美丽花束,街头混混系列第1本,其他紫礼物,,"无法实现的爱恋
~正因为是不被世间容许的爱，才更令人流连忘返~、世界上最没用的机器、初音未来的拍立得、闪烁的花束","游戏杂志《HIT GIRLS》、《枪、可爱、青春》、跳跃侦探兔
~由大雾引发的温泉滑倒事件~、古典诗集、百科全书",其他金礼物
小春,15.244143,13.989395,50.915968,80.149506,80.149506,清新的花束、美丽花束,莎姆艾菈【Beyond】,其他紫礼物,,"无法实现的爱恋
~正因为是不被世间容许的爱，才更令人流连忘返~、樱桃唇彩、初音未来的拍立得、闪烁的花束","让皮肤更加白皙透亮的护肤霜、迷彩伪装用粉底液3件套、跳跃侦探兔
~由大雾引发的温泉滑倒事件~",其他金礼物
梓（泳装）,14.881187,14.366468,51.517499,80.765154,80.765154,时髦梳子、清新的花束、美丽花束,,其他紫礼物,,蝴蝶结玩具熊、夏日泳圈、初音未来的拍立得、闪烁的花束,波浪猫枕头、佩洛洛健腹轮,其他金礼物
真白（泳装）,14.518231,13.947002,51.014968,79.480201,79.480201,营养满分综合维他命果冻、清新的花束、美丽花束,,其他紫礼物,,MX-野外战口粮 C型 甜品风味、夏日泳圈、初音未来的拍立得、闪烁的花束,迷彩伪装用粉底液3件套,其他金礼物
鹤城（泳装）,14.155275,13.545466,50.512437,78.213178,78.213178,时髦梳子、清新的花束、美丽花束,,其他紫礼物,,"无法实现的爱恋
~正因为是不被世间容许的爱，才更令人流连忘返~、夏日泳圈、初音未来的拍立得、闪烁的花束",,其他金礼物
日富美（泳装）,14.518231,14.212085,51.014968,79.745284,79.745284,高级蛋形工艺品、清新的花束、美丽花束,,其他紫礼物,,佩洛洛健腹轮、夏日泳圈、初音未来的拍立得、闪烁的花束,波浪猫枕头,其他金礼物
日奈（泳装）,14.155275,13.612009,50.512437,78.279721,78.279721,莎姆艾菈【Beyond】、清新的花束、美丽花束,,其他紫礼物,,世界上最没用的机器、夏日泳圈、初音未来的拍立得、闪烁的花束,,其他金礼物
伊织（泳装）,15.607098,14.887273,51.418499,81.91287,81.91287,清新的花束、美丽花束,千层酥咖啡厅的正宗芭菲,其他紫礼物,,MX-野外战口粮 C型 甜品风味、夏日泳圈、初音未来的拍立得、闪烁的花束,迷彩伪装用粉底液3件套、高级曲奇礼盒套装、抹茶味弹珠汽水、大型蛋糕,其他金礼物
泉（泳装）,15.244143,14.559422,50.915968,80.719533,80.719533,清新的花束、美丽花束,千层酥咖啡厅的正宗芭菲,其他紫礼物,,抹茶味弹珠汽水、夏日泳圈、初音未来的拍立得、闪烁的花束,高级曲奇礼盒套装、MX-野外战口粮 C型 甜品风味、大型蛋糕,其他金礼物
白子（骑行）,14.155275,13.206134,49.408375,76.769784,76.769784,清新的花束、美丽花束,一天三次哑铃套装,其他紫礼物,,藏宝图、初音未来的拍立得、闪烁的花束,佩洛洛健腹轮、健身圈,其他金礼物
瞬（小）,14.881187,13.619805,50.413437,78.914429,78.914429,清新的花束、美丽花束,千层酥咖啡厅的正宗芭菲,其他紫礼物,,高级曲奇礼盒套装、初音未来的拍立得、闪烁的花束,MX-野外战口粮 C型 甜品风味、抹茶味弹珠汽水、蝴蝶结玩具熊、大型蛋糕,其他金礼物
桐乃,13.79232,13.296204,50.009906,77.09843,77.09843,千层酥咖啡厅的正宗芭菲、清新的花束、美丽花束,,其他紫礼物,,刺绣手绢、初音未来的拍立得、闪烁的花束,高级曲奇礼盒套装,其他金礼物
纱绫（便服）,14.518231,13.553288,51.014968,79.086487,79.086487,营养满分综合维他命果冻、清新的花束、美丽花束,,其他紫礼物,,装扮用圈圈眼镜、初音未来的拍立得、闪烁的花束,高级曲奇礼盒套装、食虫植物盆栽、看似昂贵的贪婪之坛,其他金礼物
妮露（邦妮）,14.155275,13.262064,50.512437,77.929776,77.929776,桌游《人生》、清新的花束、美丽花束,,其他紫礼物,,Game Girl Color复刻版、初音未来的拍立得、闪烁的花束,游戏杂志《HIT GIRLS》、健身圈,其他金礼物
花凛（邦妮）,13.429364,12.335823,49.507375,75.272562,75.272562,针线套装、清新的花束、美丽花束,,其他紫礼物,,蝴蝶结玩具熊、初音未来的拍立得、闪烁的花束,,其他金礼物
明日奈（邦妮）,14.518231,13.33602,52.11903,79.973281,79.973281,莎姆艾菈【Beyond】、清新的花束、美丽花束,千层酥咖啡厅的正宗芭菲,其他紫礼物,,大型蛋糕、初音未来的拍立得、闪烁的花束,高级曲奇礼盒套装、MX-野外战口粮 C型 甜品风味、抹茶味弹珠汽水,其他金礼物
夏,14.881187,13.638114,50.413437,78.932738,78.932738,清新的花束、美丽花束,千层酥咖啡厅的正宗芭菲,其他紫礼物,,藏宝图、初音未来的拍立得、闪烁的花束,高级曲奇礼盒套装、MX-野外战口粮 C型 甜品风味、抹茶味弹珠汽水、大型蛋糕,其他金礼物
玛丽,13.79232,13.595648,48.905844,76.293812,76.293812,清新的花束、美丽花束,最高级枫树盆栽,其他紫礼物,,刺绣手绢、初音未来的拍立得、闪烁的花束,食虫植物盆栽,其他金礼物
初音未来,12.703452,11.73667,46.29419,70.734312,70.734312,清新的花束、美丽花束,,其他紫礼物,,初音未来的拍立得、闪烁的花束,,其他金礼物
亚子,15.244143,14.511173,50.915968,80.671284,80.671284,清新的花束、美丽花束,高级蛋形工艺品,其他紫礼物,,营养补充剂、初音未来的拍立得、闪烁的花束,藏宝图、世界上最没用的机器、看似昂贵的贪婪之坛、发条音乐盒、百科全书,其他金礼物
切里诺（温泉）,14.518231,13.588578,51.014968,79.121777,79.121777,高级蛋形工艺品、清新的花束、美丽花束,,其他紫礼物,,藏宝图、初音未来的拍立得、闪烁的花束,装扮用圈圈眼镜、食虫植物盆栽、看似昂贵的贪婪之坛,其他金礼物
千夏（温泉）,17.058922,15.301694,54.532684,86.8933,86.8933,清新的花束、美丽花束,街头混混系列第1本、高级蛋形工艺品,其他紫礼物,,《枪、可爱、青春》、发条音乐盒、初音未来的拍立得、闪烁的花束,"无法实现的爱恋
~正因为是不被世间容许的爱，才更令人流连忘返~、游戏杂志《HIT GIRLS》、跳跃侦探兔
~由大雾引发的温泉滑倒事件~、藏宝图、世界上最没用的机器、古典诗集、看似昂贵的贪婪之坛、百科全书",其他金礼物
巴,14.155275,13.206134,50.512437,77.873846,77.873846,高级蛋形工艺品、清新的花束、美丽花束,,其他紫礼物,,古典诗集、初音未来的拍立得、闪烁的花束,《枪、可爱、青春》、刺绣手绢,其他金礼物
和香（温泉）,15.607098,14.534538,52.522561,82.664197,82.664197,清新的花束、美丽花束,千层酥咖啡厅的正宗芭菲、音乐演奏会门票,其他紫礼物,,高档自助餐招待券、初音未来的拍立得、闪烁的花束,高级曲奇礼盒套装、天体望远镜、MX-野外战口粮 C型 甜品风味、抹茶味弹珠汽水、电影预售票、大型蛋糕,其他金礼物
爱露（新年）,14.518231,13.33602,49.910906,77.765157,77.765157,清新的花束、美丽花束,高级蛋形工艺品,其他紫礼物,,藏宝图、初音未来的拍立得、闪烁的花束,世界上最没用的机器、看似昂贵的贪婪之坛、发条音乐盒,其他金礼物
睦月（新年）,15.607098,14.430031,51.418499,81.455628,81.455628,清新的花束、美丽花束,桌游《人生》,其他紫礼物,,装扮用圈圈眼镜、初音未来的拍立得、闪烁的花束,天体望远镜、蝴蝶结玩具熊、绘画颜料30色套装、益智魔方、食虫植物盆栽、看似昂贵的贪婪之坛,其他金礼物
芹香（新年）,14.518231,13.33602,49.910906,77.765157,77.765157,清新的花束、美丽花束,高级蛋形工艺品,其他紫礼物,,看似昂贵的贪婪之坛、初音未来的拍立得、闪烁的花束,藏宝图、世界上最没用的机器、发条音乐盒,其他金礼物
若藻,13.429364,12.335823,49.507375,75.272562,75.272562,时髦梳子、清新的花束、美丽花束,,其他紫礼物,,蝴蝶结玩具熊、初音未来的拍立得、闪烁的花束,,其他金礼物
吹雪,14.518231,13.33602,49.910906,77.765157,77.765157,清新的花束、美丽花束,千层酥咖啡厅的正宗芭菲,其他紫礼物,,高级曲奇礼盒套装、初音未来的拍立得、闪烁的花束,MX-野外战口粮 C型 甜品风味、抹茶味弹珠汽水、大型蛋糕,其他金礼物
濑名,14.518231,13.87824,52.11903,80.515501,80.515501,营养满分综合维他命果冻、清新的花束、美丽花束,蕾丝枕头,其他紫礼物,,波浪猫枕头、初音未来的拍立得、闪烁的花束,果冻抱枕、百科全书、营养补充剂,其他金礼物
千寻,14.155275,13.309257,49.408375,76.872907,76.872907,清新的花束、美丽花束,A-Book Rare,其他紫礼物,,埃帕蓝牙耳机、初音未来的拍立得、闪烁的花束,Game Girl Color复刻版、发条音乐盒,其他金礼物
三森,14.155275,14.210897,50.512437,78.878609,78.878609,清新的花束、美丽花束,时髦梳子、针线套装,其他紫礼物,,可爱的餐具套装、刺绣手绢、初音未来的拍立得、闪烁的花束,,其他金礼物
忧,15.607098,14.025047,53.626622,83.258767,83.258767,高级蛋形工艺品、清新的花束、美丽花束,街头混混系列第1本,其他紫礼物,,《枪、可爱、青春》、古典诗集、初音未来的拍立得、闪烁的花束,"无法实现的爱恋
~正因为是不被世间容许的爱，才更令人流连忘返~、游戏杂志《HIT GIRLS》、跳跃侦探兔
~由大雾引发的温泉滑倒事件~、百科全书",其他金礼物
日向,13.79232,13.595648,51.113968,78.501936,78.501936,针线套装、清新的花束、美丽花束,最高级枫树盆栽,其他紫礼物,,食虫植物盆栽、初音未来的拍立得、闪烁的花束,刺绣手绢,其他金礼物
真里奈,14.881187,13.598188,50.413437,78.892812,78.892812,清新的花束、美丽花束,高级蛋形工艺品,其他紫礼物,,蝴蝶结玩具熊、初音未来的拍立得、闪烁的花束,藏宝图、世界上最没用的机器、看似昂贵的贪婪之坛、发条音乐盒,其他金礼物
宫子,14.155275,12.957665,50.512437,77.625377,77.625377,A-Book Rare、清新的花束、美丽花束,,其他紫礼物,,《枪、可爱、青春》、初音未来的拍立得、闪烁的花束,迷彩伪装用粉底液3件套、MX-野外战口粮 C型 甜品风味,其他金礼物
咲,15.970054,14.851877,51.92103,82.742961,82.742961,清新的花束、美丽花束,高级蛋形工艺品,其他紫礼物,,迷彩伪装用粉底液3件套、初音未来的拍立得、闪烁的花束,MX-野外战口粮 C型 甜品风味、藏宝图、世界上最没用的机器、看似昂贵的贪婪之坛、发条音乐盒、百科全书、营养补充剂,其他金礼物
美游,14.155275,13.634123,50.512437,78.301835,78.301835,时髦梳子、清新的花束、美丽花束,,其他紫礼物,,刺绣手绢、初音未来的拍立得、闪烁的花束,迷彩伪装用粉底液3件套、MX-野外战口粮 C型 甜品风味,其他金礼物
枫,16.695966,15.459887,52.926092,85.081945,85.081945,清新的花束、美丽花束,桌游《人生》,其他紫礼物,,装扮用圈圈眼镜、初音未来的拍立得、闪烁的花束,游戏杂志《HIT GIRLS》、天体望远镜、Game Girl Color复刻版、健身圈、蝴蝶结玩具熊、绘画颜料30色套装、益智魔方、食虫植物盆栽、看似昂贵的贪婪之坛,其他金礼物
伊吕波,15.970054,14.528662,51.92103,82.419746,82.419746,清新的花束、美丽花束,街头混混系列第1本,其他紫礼物,,游戏杂志《HIT GIRLS》、初音未来的拍立得、闪烁的花束,"无法实现的爱恋
~正因为是不被世间容许的爱，才更令人流连忘返~、《枪、可爱、青春》、Game Girl Color复刻版、跳跃侦探兔
~由大雾引发的温泉滑倒事件~、健身圈、古典诗集、百科全书",其他金礼物
满,14.518231,13.33602,49.910906,77.765157,77.765157,清新的花束、美丽花束,高级蛋形工艺品,其他紫礼物,,藏宝图、初音未来的拍立得、闪烁的花束,世界上最没用的机器、看似昂贵的贪婪之坛、发条音乐盒,其他金礼物
月咏,14.155275,13.581215,49.408375,77.144865,77.144865,清新的花束、美丽花束,最高级枫树盆栽,其他紫礼物,,食虫植物盆栽、初音未来的拍立得、闪烁的花束,装扮用圈圈眼镜、看似昂贵的贪婪之坛,其他金礼物
美咲,13.429364,12.335823,49.507375,75.272562,75.272562,蕾丝枕头、清新的花束、美丽花束,,其他紫礼物,,蝴蝶结玩具熊、初音未来的拍立得、闪烁的花束,,其他金礼物
日和,13.429364,12.985223,48.403313,74.8179,74.8179,清新的花束、美丽花束,针线套装,其他紫礼物,,可爱的餐具套装、初音未来的拍立得、闪烁的花束,,其他金礼物
亚津子,13.79232,12.923601,50.009906,76.725827,76.725827,桌游《人生》、清新的花束、美丽花束,,其他紫礼物,,百科全书、初音未来的拍立得、闪烁的花束,营养补充剂,其他金礼物
若藻（泳装）,14.155275,13.572083,50.512437,78.239795,78.239795,时髦梳子、清新的花束、美丽花束,,其他紫礼物,,蝴蝶结玩具熊、夏日泳圈、初音未来的拍立得、闪烁的花束,,其他金礼物
野宫（泳装）,14.881187,14.376704,50.413437,79.671328,79.671328,清新的花束、美丽花束,莎姆艾菈【Beyond】,其他紫礼物,,樱桃唇彩、夏日泳圈、初音未来的拍立得、闪烁的花束,让皮肤更加白皙透亮的护肤霜、迷彩伪装用粉底液3件套,其他金礼物
绫音（泳装）,15.970054,14.958131,54.129153,85.057338,85.057338,A-Book Rare、清新的花束、美丽花束,街头混混系列第1本,其他紫礼物,,《枪、可爱、青春》、夏日泳圈、初音未来的拍立得、闪烁的花束,"无法实现的爱恋
~正因为是不被世间容许的爱，才更令人流连忘返~、游戏杂志《HIT GIRLS》、跳跃侦探兔
~由大雾引发的温泉滑倒事件~、古典诗集、百科全书",其他金礼物
星野（泳装）,14.155275,13.612009,52.720561,80.487845,80.487845,蕾丝枕头、高级蛋形工艺品、清新的花束、美丽花束,,其他紫礼物,,藏宝图、夏日泳圈、初音未来的拍立得、闪烁的花束,,其他金礼物
静子（泳装）,14.155275,14.210897,49.408375,77.774547,77.774547,清新的花束、美丽花束,营养满分综合维他命果冻,其他紫礼物,,营养补充剂、夏日泳圈、初音未来的拍立得、闪烁的花束,,其他金礼物
泉奈（泳装）,14.155275,14.210897,49.408375,77.774547,77.774547,清新的花束、美丽花束,时髦梳子,其他紫礼物,,刺绣手绢、夏日泳圈、初音未来的拍立得、闪烁的花束,,其他金礼物
千世（泳装）,15.970054,14.958131,51.92103,82.849215,82.849215,清新的花束、美丽花束,街头混混系列第1本,其他紫礼物,,古典诗集、夏日泳圈、初音未来的拍立得、闪烁的花束,"无法实现的爱恋
~正因为是不被世间容许的爱，才更令人流连忘返~、游戏杂志《HIT GIRLS》、《枪、可爱、青春》、跳跃侦探兔
~由大雾引发的温泉滑倒事件~、百科全书",其他金礼物
纱织,14.518231,13.505135,49.910906,77.934272,77.934272,清新的花束、美丽花束,莎姆艾菈【Beyond】,其他紫礼物,,樱桃唇彩、让皮肤更加白皙透亮的护肤霜、初音未来的拍立得、闪烁的花束,迷彩伪装用粉底液3件套,其他金礼物
萌绘,14.518231,13.644794,49.910906,78.073931,78.073931,清新的花束、美丽花束,A-Book Rare,其他紫礼物,,埃帕蓝牙耳机、初音未来的拍立得、闪烁的花束,迷彩伪装用粉底液3件套、Game Girl Color复刻版、MX-野外战口粮 C型 甜品风味,其他金礼物
和纱,14.881187,13.673039,50.413437,78.967663,78.967663,清新的花束、美丽花束,千层酥咖啡厅的正宗芭菲,其他紫礼物,,高级曲奇礼盒套装、初音未来的拍立得、闪烁的花束,樱桃唇彩、MX-野外战口粮 C型 甜品风味、抹茶味弹珠汽水、大型蛋糕,其他金礼物
心奈,14.518231,13.33602,51.014968,78.869219,78.869219,千层酥咖啡厅的正宗芭菲、清新的花束、美丽花束,,其他紫礼物,,高级曲奇礼盒套装、初音未来的拍立得、闪烁的花束,MX-野外战口粮 C型 甜品风味、抹茶味弹珠汽水、大型蛋糕,其他金礼物
歌原（应援团）,14.155275,13.166208,50.512437,77.83392,77.83392,A-Book Rare、清新的花束、美丽花束,,其他紫礼物,,天体望远镜、初音未来的拍立得、闪烁的花束,埃帕蓝牙耳机、Game Girl Color复刻版,其他金礼物
诺亚,15.244143,13.739,50.915968,79.899111,79.899111,清新的花束、美丽花束,街头混混系列第1本,其他紫礼物,,古典诗集、初音未来的拍立得、闪烁的花束,"无法实现的爱恋
~正因为是不被世间容许的爱，才更令人流连忘返~、游戏杂志《HIT GIRLS》、《枪、可爱、青春》、跳跃侦探兔
~由大雾引发的温泉滑倒事件~、百科全书",其他金礼物
响（应援团）,14.518231,13.910967,52.11903,80.548228,80.548228,针线套装、清新的花束、美丽花束,A-Book Rare,其他紫礼物,,埃帕蓝牙耳机、初音未来的拍立得、闪烁的花束,Game Girl Color复刻版、可爱的餐具套装、发条音乐盒,其他金礼物
茜（邦妮）,13.429364,12.985223,49.507375,75.921962,75.921962,针线套装、清新的花束、美丽花束,,其他紫礼物,,可爱的餐具套装、初音未来的拍立得、闪烁的花束,,其他金礼物
优香（体操服）,13.429364,12.335823,47.299251,73.064438,73.064438,清新的花束、美丽花束,,其他紫礼物,,益智魔方、初音未来的拍立得、闪烁的花束,,其他金礼物
玛丽（体操服）,13.79232,13.595648,51.113968,78.501936,78.501936,时髦梳子、清新的花束、美丽花束,最高级枫树盆栽,其他紫礼物,,刺绣手绢、初音未来的拍立得、闪烁的花束,食虫植物盆栽,其他金礼物
莲见（体操服）,14.881187,13.739582,51.517499,80.138268,80.138268,千层酥咖啡厅的正宗芭菲、清新的花束、美丽花束,,其他紫礼物,,大型蛋糕、初音未来的拍立得、闪烁的花束,高级曲奇礼盒套装、MX-野外战口粮 C型 甜品风味、抹茶味弹珠汽水、高档自助餐招待券,其他金礼物
日鞠,14.518231,13.33602,51.014968,78.869219,78.869219,高级蛋形工艺品、清新的花束、美丽花束,,其他紫礼物,,世界上最没用的机器、初音未来的拍立得、闪烁的花束,藏宝图、看似昂贵的贪婪之坛、发条音乐盒,其他金礼物
时雨,13.79232,13.262933,50.009906,77.065159,77.065159,营养满分综合维他命果冻、清新的花束、美丽花束,,其他紫礼物,,营养补充剂、初音未来的拍立得、闪烁的花束,百科全书,其他金礼物
芹娜（圣诞）,14.155275,13.608701,51.616499,79.380475,79.380475,蕾丝枕头、清新的花束、美丽花束,营养满分综合维他命果冻,其他紫礼物,,果冻抱枕、初音未来的拍立得、闪烁的花束,波浪猫枕头、营养补充剂,其他金礼物
花江（圣诞）,14.155275,13.608701,51.616499,79.380475,79.380475,一天三次哑铃套装、清新的花束、美丽花束,营养满分综合维他命果冻,其他紫礼物,,健身圈、初音未来的拍立得、闪烁的花束,佩洛洛健腹轮、营养补充剂,其他金礼物
晴奈（新年）,14.155275,13.612009,50.512437,78.279721,78.279721,音乐演奏会门票、清新的花束、美丽花束,,其他紫礼物,,高级曲奇礼盒套装、刺绣手绢、初音未来的拍立得、闪烁的花束,,其他金礼物
风香（新年）,14.155275,14.210897,51.616499,79.982671,79.982671,营养满分综合维他命果冻、清新的花束、美丽花束,针线套装,其他紫礼物,,可爱的餐具套装、营养补充剂、初音未来的拍立得、闪烁的花束,,其他金礼物
纯子（新年）,14.518231,13.33602,51.014968,78.869219,78.869219,千层酥咖啡厅的正宗芭菲、清新的花束、美丽花束,,其他紫礼物,,高级曲奇礼盒套装、初音未来的拍立得、闪烁的花束,MX-野外战口粮 C型 甜品风味、抹茶味弹珠汽水、大型蛋糕,其他金礼物
美祢,14.155275,13.151442,50.512437,77.819154,77.819154,莎姆艾菈【Beyond】、清新的花束、美丽花束,,其他紫礼物,,樱桃唇彩、初音未来的拍立得、闪烁的花束,让皮肤更加白皙透亮的护肤霜、迷彩伪装用粉底液3件套,其他金礼物
未花,15.607098,14.405014,53.626622,83.638734,83.638734,千层酥咖啡厅的正宗芭菲、清新的花束、美丽花束,莎姆艾菈【Beyond】,其他紫礼物,,让皮肤更加白皙透亮的护肤霜、初音未来的拍立得、闪烁的花束,樱桃唇彩、迷彩伪装用粉底液3件套、高级曲奇礼盒套装、MX-野外战口粮 C型 甜品风味、抹茶味弹珠汽水、大型蛋糕,其他金礼物
惠,15.607098,14.430031,52.522561,82.55969,82.55969,桌游《人生》、清新的花束、美丽花束,,其他紫礼物,,装扮用圈圈眼镜、初音未来的拍立得、闪烁的花束,天体望远镜、蝴蝶结玩具熊、绘画颜料30色套装、益智魔方、食虫植物盆栽、看似昂贵的贪婪之坛,其他金礼物
康娜,13.79232,13.262933,50.009906,77.065159,77.065159,营养满分综合维他命果冻、清新的花束、美丽花束,,其他紫礼物,,营养补充剂、初音未来的拍立得、闪烁的花束,百科全书,其他金礼物
樱子,14.518231,13.33602,51.014968,78.869219,78.869219,千层酥咖啡厅的正宗芭菲、清新的花束、美丽花束,,其他紫礼物,,大型蛋糕、初音未来的拍立得、闪烁的花束,高级曲奇礼盒套装、MX-野外战口粮 C型 甜品风味、抹茶味弹珠汽水,其他金礼物
时,14.518231,13.87824,51.014968,79.411439,79.411439,一天三次哑铃套装、清新的花束、美丽花束,,其他紫礼物,,佩洛洛健腹轮、初音未来的拍立得、闪烁的花束,健身圈、百科全书、营养补充剂,其他金礼物
渚,14.881187,13.639768,51.517499,80.038454,80.038454,高级蛋形工艺品、清新的花束、美丽花束,,其他紫礼物,,发条音乐盒、初音未来的拍立得、闪烁的花束,高级曲奇礼盒套装、藏宝图、世界上最没用的机器、看似昂贵的贪婪之坛,其他金礼物
小雪,15.607098,14.151268,52.522561,82.280927,82.280927,桌游《人生》、清新的花束、美丽花束,,其他紫礼物,,世界上最没用的机器、益智魔方、初音未来的拍立得、闪烁的花束,天体望远镜、装扮用圈圈眼镜、蝴蝶结玩具熊、绘画颜料30色套装,其他金礼物
佳代子（新年）,14.881187,14.527143,53.725622,83.133952,83.133952,音乐演奏会门票、清新的花束、美丽花束,A-Book Rare、时髦梳子,其他紫礼物,,埃帕蓝牙耳机、刺绣手绢、初音未来的拍立得、闪烁的花束,Game Girl Color复刻版、发条音乐盒,其他金礼物
春香（新年）,14.155275,13.581215,50.512437,78.248927,78.248927,最高级枫树盆栽、清新的花束、美丽花束,,其他紫礼物,,食虫植物盆栽、初音未来的拍立得、闪烁的花束,装扮用圈圈眼镜、看似昂贵的贪婪之坛,其他金礼物
果穗,15.244143,13.739,52.02003,81.003173,81.003173,街头混混系列第1本、清新的花束、美丽花束,,其他紫礼物,,古典诗集、初音未来的拍立得、闪烁的花束,"无法实现的爱恋
~正因为是不被世间容许的爱，才更令人流连忘返~、游戏杂志《HIT GIRLS》、《枪、可爱、青春》、跳跃侦探兔
~由大雾引发的温泉滑倒事件~、百科全书",其他金礼物
爱丽丝（女仆）,16.695966,15.43742,56.238277,88.371663,88.371663,时髦梳子、桌游《人生》、清新的花束、美丽花束,,其他紫礼物,,游戏杂志《HIT GIRLS》、益智魔方、初音未来的拍立得、闪烁的花束,天体望远镜、Game Girl Color复刻版、健身圈、装扮用圈圈眼镜、蝴蝶结玩具熊、绘画颜料30色套装、刺绣手绢,其他金礼物
时（邦妮）,14.518231,13.87824,53.223091,81.619562,81.619562,针线套装、一天三次哑铃套装、清新的花束、美丽花束,,其他紫礼物,,佩洛洛健腹轮、初音未来的拍立得、闪烁的花束,健身圈、百科全书、营养补充剂,其他金礼物
柚子（女仆）,14.518231,13.67861,51.014968,79.211809,79.211809,A-Book Rare、清新的花束、美丽花束,,其他紫礼物,,Game Girl Color复刻版、初音未来的拍立得、闪烁的花束,埃帕蓝牙耳机、游戏杂志《HIT GIRLS》、健身圈,其他金礼物
玲纱,15.607098,14.551794,53.626622,83.785514,83.785514,千层酥咖啡厅的正宗芭菲、清新的花束、美丽花束,A-Book Rare,其他紫礼物,,埃帕蓝牙耳机、初音未来的拍立得、闪烁的花束,高级曲奇礼盒套装、Game Girl Color复刻版、MX-野外战口粮 C型 甜品风味、抹茶味弹珠汽水、大型蛋糕、发条音乐盒,其他金礼物
瑠海,14.155275,14.210897,50.512437,78.878609,78.878609,时髦梳子、清新的花束、美丽花束,,其他紫礼物,,可爱的餐具套装、刺绣手绢、初音未来的拍立得、闪烁的花束,,其他金礼物
南,15.607098,14.534538,52.522561,82.664197,82.664197,高级蛋形工艺品、清新的花束、美丽花束,,其他紫礼物,,看似昂贵的贪婪之坛、发条音乐盒、初音未来的拍立得、闪烁的花束,藏宝图、装扮用圈圈眼镜、世界上最没用的机器、食虫植物盆栽,其他金礼物
实梨,15.970054,14.621004,54.129153,84.720211,84.720211,营养满分综合维他命果冻、清新的花束、美丽花束,街头混混系列第1本,其他紫礼物,,《枪、可爱、青春》、百科全书、初音未来的拍立得、闪烁的花束,"无法实现的爱恋
~正因为是不被世间容许的爱，才更令人流连忘返~、游戏杂志《HIT GIRLS》、跳跃侦探兔
~由大雾引发的温泉滑倒事件~、古典诗集、营养补充剂",其他金礼物
宫子（泳装）,14.881187,14.176531,51.517499,80.575217,80.575217,蕾丝枕头、清新的花束、美丽花束,,其他紫礼物,,《枪、可爱、青春》、夏日泳圈、初音未来的拍立得、闪烁的花束,迷彩伪装用粉底液3件套、MX-野外战口粮 C型 甜品风味,其他金礼物
咲（泳装）,16.695966,16.045327,55.134215,87.875508,87.875508,营养满分综合维他命果冻、清新的花束、美丽花束,高级蛋形工艺品,其他紫礼物,,迷彩伪装用粉底液3件套、夏日泳圈、初音未来的拍立得、闪烁的花束,MX-野外战口粮 C型 甜品风味、藏宝图、世界上最没用的机器、看似昂贵的贪婪之坛、发条音乐盒、百科全书、营养补充剂,其他金礼物
美游（泳装）,14.881187,14.841962,51.517499,81.240648,81.240648,时髦梳子、清新的花束、美丽花束,,其他紫礼物,,刺绣手绢、夏日泳圈、初音未来的拍立得、闪烁的花束,迷彩伪装用粉底液3件套、MX-野外战口粮 C型 甜品风味,其他金礼物
白子（泳装）,14.518231,14.227257,51.014968,79.760456,79.760456,一天三次哑铃套装、清新的花束、美丽花束,,其他紫礼物,,佩洛洛健腹轮、夏日泳圈、初音未来的拍立得、闪烁的花束,健身圈,其他金礼物
忧（泳装）,17.058922,15.840434,54.532684,87.43204,87.43204,街头混混系列第1本、清新的花束、美丽花束,,其他紫礼物,,《枪、可爱、青春》、藏宝图、古典诗集、夏日泳圈、初音未来的拍立得、闪烁的花束,"无法实现的爱恋
~正因为是不被世间容许的爱，才更令人流连忘返~、游戏杂志《HIT GIRLS》、跳跃侦探兔
~由大雾引发的温泉滑倒事件~、百科全书",其他金礼物
日向（泳装）,14.518231,14.807706,51.014968,80.340905,80.340905,针线套装、清新的花束、美丽花束,,其他紫礼物,,可爱的餐具套装、夏日泳圈、初音未来的拍立得、闪烁的花束,刺绣手绢,其他金礼物
小春（泳装）,14.518231,13.827999,51.014968,79.361198,79.361198,莎姆艾菈【Beyond】、清新的花束、美丽花束,,其他紫礼物,,"无法实现的爱恋
~正因为是不被世间容许的爱，才更令人流连忘返~、夏日泳圈、初音未来的拍立得、闪烁的花束",《枪、可爱、青春》,其他金礼物
花子（泳装）,15.607098,15.315446,53.626622,84.549166,84.549166,时髦梳子、清新的花束、美丽花束,莎姆艾菈【Beyond】,其他紫礼物,让皮肤更加白皙透亮的护肤霜,夏日泳圈、初音未来的拍立得、闪烁的花束,樱桃唇彩、迷彩伪装用粉底液3件套、刺绣手绢,其他金礼物
三森（泳装）,17.421877,16.539572,57.243339,91.204788,91.204788,针线套装、清新的花束、美丽花束,街头混混系列第1本、莎姆艾菈【Beyond】,其他紫礼物,,古典诗集、夏日泳圈、初音未来的拍立得、闪烁的花束,"无法实现的爱恋
~正因为是不被世间容许的爱，才更令人流连忘返~、游戏杂志《HIT GIRLS》、樱桃唇彩、让皮肤更加白皙透亮的护肤霜、迷彩伪装用粉底液3件套、《枪、可爱、青春》、跳跃侦探兔
~由大雾引发的温泉滑倒事件~、可爱的餐具套装、百科全书",其他金礼物
芽瑠,17.058922,15.214857,55.636746,87.910525,87.910525,桌游《人生》、清新的花束、美丽花束,街头混混系列第1本,其他紫礼物,,绘画颜料30色套装、初音未来的拍立得、闪烁的花束,"无法实现的爱恋
~正因为是不被世间容许的爱，才更令人流连忘返~、游戏杂志《HIT GIRLS》、《枪、可爱、青春》、天体望远镜、跳跃侦探兔
~由大雾引发的温泉滑倒事件~、装扮用圈圈眼镜、蝴蝶结玩具熊、古典诗集、益智魔方、百科全书",其他金礼物
红叶,15.607098,14.071196,52.522561,82.200855,82.200855,街头混混系列第1本、清新的花束、美丽花束,,其他紫礼物,,"无法实现的爱恋
~正因为是不被世间容许的爱，才更令人流连忘返~、初音未来的拍立得、闪烁的花束","游戏杂志《HIT GIRLS》、樱桃唇彩、《枪、可爱、青春》、跳跃侦探兔
~由大雾引发的温泉滑倒事件~、古典诗集、百科全书",其他金礼物
琴里（应援团）,14.881187,14.017515,51.517499,80.416201,80.416201,一天三次哑铃套装、清新的花束、美丽花束,,其他紫礼物,,百科全书、初音未来的拍立得、闪烁的花束,佩洛洛健腹轮、健身圈、益智魔方、营养补充剂,其他金礼物
晴奈（体操服）,15.244143,14.155202,53.124091,82.523436,82.523436,千层酥咖啡厅的正宗芭菲、清新的花束、美丽花束,一天三次哑铃套装,其他紫礼物,,高级曲奇礼盒套装、初音未来的拍立得、闪烁的花束,佩洛洛健腹轮、MX-野外战口粮 C型 甜品风味、抹茶味弹珠汽水、健身圈、大型蛋糕,其他金礼物
一花,15.244143,14.565082,54.228153,84.037378,84.037378,莎姆艾菈【Beyond】、清新的花束、美丽花束,A-Book Rare、时髦梳子,其他紫礼物,,樱桃唇彩、初音未来的拍立得、闪烁的花束,埃帕蓝牙耳机、让皮肤更加白皙透亮的护肤霜、迷彩伪装用粉底液3件套、Game Girl Color复刻版、刺绣手绢,其他金礼物
霞,14.155275,12.984888,50.512437,77.6526,77.6526,A-Book Rare、清新的花束、美丽花束,,其他紫礼物,,藏宝图、初音未来的拍立得、闪烁的花束,天体望远镜、世界上最没用的机器,其他金礼物
时雨（温泉）,13.79232,13.262933,50.009906,77.065159,77.065159,营养满分综合维他命果冻、清新的花束、美丽花束,,其他紫礼物,,营养补充剂、初音未来的拍立得、闪烁的花束,百科全书,其他金礼物
御坂美琴,12.703452,11.73667,46.29419,70.734312,70.734312,清新的花束、美丽花束,,其他紫礼物,,初音未来的拍立得、闪烁的花束,,其他金礼物
食蜂操祈,12.703452,11.73667,46.29419,70.734312,70.734312,清新的花束、美丽花束,,其他紫礼物,,初音未来的拍立得、闪烁的花束,,其他金礼物
佐天泪子,12.703452,11.73667,46.29419,70.734312,70.734312,清新的花束、美丽花束,,其他紫礼物,,初音未来的拍立得、闪烁的花束,,其他金礼物
紫,14.881187,14.243618,52.621561,81.746366,81.746366,时髦梳子、清新的花束、美丽花束,千层酥咖啡厅的正宗芭菲,其他紫礼物,,刺绣手绢、初音未来的拍立得、闪烁的花束,高级曲奇礼盒套装、MX-野外战口粮 C型 甜品风味、抹茶味弹珠汽水、大型蛋糕,其他金礼物
莲华,15.244143,14.773478,53.124091,83.141712,83.141712,针线套装、清新的花束、美丽花束,音乐演奏会门票,其他紫礼物,,"无法实现的爱恋
~正因为是不被世间容许的爱，才更令人流连忘返~、电影预售票、可爱的餐具套装、初音未来的拍立得、闪烁的花束",高档自助餐招待券,其他金礼物
桔梗,16.695966,15.188276,54.030153,85.914395,85.914395,街头混混系列第1本、清新的花束、美丽花束,,其他紫礼物,,"《枪、可爱、青春》、跳跃侦探兔
~由大雾引发的温泉滑倒事件~、古典诗集、百科全书、初音未来的拍立得、闪烁的花束","无法实现的爱恋
~正因为是不被世间容许的爱，才更令人流连忘返~、游戏杂志《HIT GIRLS》、营养补充剂",其他金礼物
艾米（泳装）,15.607098,14.952727,51.418499,81.978324,81.978324,清新的花束、美丽花束,高级蛋形工艺品,其他紫礼物,,发条音乐盒、夏日泳圈、初音未来的拍立得、闪烁的花束,埃帕蓝牙耳机、藏宝图、世界上最没用的机器、看似昂贵的贪婪之坛,其他金礼物
小玉（露营）,14.881187,13.534128,52.621561,81.036876,81.036876,A-Book Rare、清新的花束、美丽花束,桌游《人生》,其他紫礼物,,蝴蝶结玩具熊、初音未来的拍立得、闪烁的花束,天体望远镜、装扮用圈圈眼镜、绘画颜料30色套装、益智魔方,其他金礼物
晴（露营）,14.155275,13.124581,50.512437,77.792293,77.792293,A-Book Rare、清新的花束、美丽花束,,其他紫礼物,,游戏杂志《HIT GIRLS》、初音未来的拍立得、闪烁的花束,Game Girl Color复刻版、健身圈,其他金礼物
亚子（礼服）,15.970054,15.066521,54.129153,85.165728,85.165728,营养满分综合维他命果冻、清新的花束、美丽花束,高级蛋形工艺品,其他紫礼物,,"跳跃侦探兔
~由大雾引发的温泉滑倒事件~、营养补充剂、初音未来的拍立得、闪烁的花束",藏宝图、世界上最没用的机器、看似昂贵的贪婪之坛、发条音乐盒、百科全书,其他金礼物
伊吹,17.058922,15.395847,56.740808,89.195577,89.195577,千层酥咖啡厅的正宗芭菲、桌游《人生》、清新的花束、美丽花束,,其他紫礼物,,高级曲奇礼盒套装、蝴蝶结玩具熊、绘画颜料30色套装、初音未来的拍立得、闪烁的花束,天体望远镜、MX-野外战口粮 C型 甜品风味、抹茶味弹珠汽水、装扮用圈圈眼镜、益智魔方、大型蛋糕,其他金礼物
真琴,15.970054,14.851997,53.025092,83.847143,83.847143,高级蛋形工艺品、清新的花束、美丽花束,,其他紫礼物,,藏宝图、世界上最没用的机器、看似昂贵的贪婪之坛、初音未来的拍立得、闪烁的花束,装扮用圈圈眼镜、食虫植物盆栽、发条音乐盒,其他金礼物
日奈（礼服）,14.518231,13.625061,51.014968,79.15826,79.15826,音乐演奏会门票、清新的花束、美丽花束,,其他紫礼物,,世界上最没用的机器、电影预售票、初音未来的拍立得、闪烁的花束,高档自助餐招待券,其他金礼物
佳代子（礼服）,14.518231,13.625061,51.014968,79.15826,79.15826,A-Book Rare、清新的花束、美丽花束,,其他紫礼物,,埃帕蓝牙耳机、发条音乐盒、初音未来的拍立得、闪烁的花束,Game Girl Color复刻版,其他金礼物
爱露（礼服）,15.244143,13.975761,52.02003,81.239934,81.239934,高级蛋形工艺品、清新的花束、美丽花束,,其他紫礼物,,藏宝图、世界上最没用的机器、看似昂贵的贪婪之坛、初音未来的拍立得、闪烁的花束,发条音乐盒,其他金礼物
明里（新年）,13.79232,12.890329,50.009906,76.692555,76.692555,千层酥咖啡厅的正宗芭菲、清新的花束、美丽花束,,其他紫礼物,,高档自助餐招待券、初音未来的拍立得、闪烁的花束,大型蛋糕,其他金礼物
海香,15.607098,14.430031,52.522561,82.55969,82.55969,桌游《人生》、清新的花束、美丽花束,,其他紫礼物,,装扮用圈圈眼镜、初音未来的拍立得、闪烁的花束,天体望远镜、蝴蝶结玩具熊、绘画颜料30色套装、益智魔方、食虫植物盆栽、看似昂贵的贪婪之坛,其他金礼物
椿（导游）,15.970054,14.68865,54.129153,84.787857,84.787857,蕾丝枕头、清新的花束、美丽花束,街头混混系列第1本,其他紫礼物,,波浪猫枕头、初音未来的拍立得、闪烁的花束,"无法实现的爱恋
~正因为是不被世间容许的爱，才更令人流连忘返~、游戏杂志《HIT GIRLS》、《枪、可爱、青春》、果冻抱枕、跳跃侦探兔
~由大雾引发的温泉滑倒事件~、古典诗集、百科全书",其他金礼物
和纱（乐队）,15.607098,14.352164,52.522561,82.481823,82.481823,千层酥咖啡厅的正宗芭菲、清新的花束、美丽花束,,其他紫礼物,,高级曲奇礼盒套装、大型蛋糕、初音未来的拍立得、闪烁的花束,埃帕蓝牙耳机、MX-野外战口粮 C型 甜品风味、抹茶味弹珠汽水、发条音乐盒,其他金礼物
好美（乐队）,15.244143,13.990498,52.02003,81.254671,81.254671,千层酥咖啡厅的正宗芭菲、清新的花束、美丽花束,,其他紫礼物,,高级曲奇礼盒套装、大型蛋糕、初音未来的拍立得、闪烁的花束,樱桃唇彩、MX-野外战口粮 C型 甜品风味、抹茶味弹珠汽水,其他金礼物
爱理（乐队）,15.244143,14.25667,52.02003,81.520843,81.520843,千层酥咖啡厅的正宗芭菲、清新的花束、美丽花束,,其他紫礼物,,高级曲奇礼盒套装、大型蛋糕、初音未来的拍立得、闪烁的花束,MX-野外战口粮 C型 甜品风味、抹茶味弹珠汽水、刺绣手绢,其他金礼物
绮罗罗,14.881187,14.108326,53.725622,82.715135,82.715135,莎姆艾菈【Beyond】、时髦梳子、清新的花束、美丽花束,,其他紫礼物,,樱桃唇彩、让皮肤更加白皙透亮的护肤霜、初音未来的拍立得、闪烁的花束,迷彩伪装用粉底液3件套、刺绣手绢,其他金礼物
桃（女仆）,14.881187,14.070485,52.621561,81.573233,81.573233,桌游《人生》、清新的花束、美丽花束,蕾丝枕头,其他紫礼物,,Game Girl Color复刻版、初音未来的拍立得、闪烁的花束,波浪猫枕头、游戏杂志《HIT GIRLS》、果冻抱枕、健身圈,其他金礼物
绿（女仆）,14.518231,14.065081,51.014968,79.59828,79.59828,针线套装、清新的花束、美丽花束,,其他紫礼物,,可爱的餐具套装、初音未来的拍立得、闪烁的花束,游戏杂志《HIT GIRLS》、Game Girl Color复刻版、健身圈,其他金礼物
芹香（泳装）,15.607098,15.149088,52.522561,83.278747,83.278747,高级蛋形工艺品、清新的花束、美丽花束,,其他紫礼物,,看似昂贵的贪婪之坛、夏日泳圈、初音未来的拍立得、闪烁的花束,藏宝图、世界上最没用的机器、发条音乐盒、刺绣手绢,其他金礼物
康娜（泳装）,15.970054,14.958131,53.025092,83.953277,83.953277,街头混混系列第1本、清新的花束、美丽花束,,其他紫礼物,,"跳跃侦探兔
~由大雾引发的温泉滑倒事件~、夏日泳圈、初音未来的拍立得、闪烁的花束","无法实现的爱恋
~正因为是不被世间容许的爱，才更令人流连忘返~、游戏杂志《HIT GIRLS》、《枪、可爱、青春》、古典诗集、百科全书",其他金礼物
吹雪（泳装）,16.695966,15.910424,54.030153,86.636543,86.636543,千层酥咖啡厅的正宗芭菲、清新的花束、美丽花束,,其他紫礼物,,高级曲奇礼盒套装、抹茶味弹珠汽水、夏日泳圈、初音未来的拍立得、闪烁的花束,游戏杂志《HIT GIRLS》、Game Girl Color复刻版、MX-野外战口粮 C型 甜品风味、健身圈、大型蛋糕,其他金礼物
桐乃（泳装）,14.881187,14.527143,51.517499,80.925829,80.925829,一天三次哑铃套装、清新的花束、美丽花束,,其他紫礼物,,健身圈、夏日泳圈、初音未来的拍立得、闪烁的花束,佩洛洛健腹轮、高级曲奇礼盒套装,其他金礼物
萌绘（泳装）,15.970054,15.576152,53.025092,84.571298,84.571298,A-Book Rare、清新的花束、美丽花束,,其他紫礼物,,夏日泳圈、初音未来的拍立得、闪烁的花束,埃帕蓝牙耳机、迷彩伪装用粉底液3件套、Game Girl Color复刻版、MX-野外战口粮 C型 甜品风味、装扮用圈圈眼镜、食虫植物盆栽、看似昂贵的贪婪之坛,其他金礼物
星野（武装）,15.970054,14.629028,54.129153,84.728235,84.728235,蕾丝枕头、清新的花束、美丽花束,高级蛋形工艺品,其他紫礼物,,迷彩伪装用粉底液3件套、MX-野外战口粮 C型 甜品风味、藏宝图、初音未来的拍立得、闪烁的花束,世界上最没用的机器、看似昂贵的贪婪之坛、发条音乐盒,其他金礼物
星野（武装）,15.970054,14.629028,54.129153,84.728235,84.728235,蕾丝枕头、清新的花束、美丽花束,高级蛋形工艺品,其他紫礼物,,迷彩伪装用粉底液3件套、MX-野外战口粮 C型 甜品风味、藏宝图、初音未来的拍立得、闪烁的花束,世界上最没用的机器、看似昂贵的贪婪之坛、发条音乐盒,其他金礼物
白子＊恐怖,13.79232,13.000686,48.905844,75.69885,75.69885,清新的花束、美丽花束,一天三次哑铃套装,其他紫礼物,,佩洛洛健腹轮、初音未来的拍立得、闪烁的花束,健身圈,其他金礼物
亚津子（泳装）,17.784833,16.950725,56.641808,91.377366,91.377366,桌游《人生》、清新的花束、美丽花束,街头混混系列第1本,其他紫礼物,,古典诗集、百科全书、夏日泳圈、初音未来的拍立得、闪烁的花束,"无法实现的爱恋
~正因为是不被世间容许的爱，才更令人流连忘返~、游戏杂志《HIT GIRLS》、《枪、可爱、青春》、跳跃侦探兔
~由大雾引发的温泉滑倒事件~、装扮用圈圈眼镜、食虫植物盆栽、看似昂贵的贪婪之坛、营养补充剂",其他金礼物
纱织（泳装）,15.970054,15.368194,54.129153,85.467401,85.467401,时髦梳子、清新的花束、美丽花束,莎姆艾菈【Beyond】,其他紫礼物,,樱桃唇彩、让皮肤更加白皙透亮的护肤霜、迷彩伪装用粉底液3件套、夏日泳圈、初音未来的拍立得、闪烁的花束,MX-野外战口粮 C型 甜品风味,其他金礼物
日和（泳装）,16.33301,15.485194,53.527622,85.345826,85.345826,千层酥咖啡厅的正宗芭菲、清新的花束、美丽花束,,其他紫礼物,,"无法实现的爱恋
~正因为是不被世间容许的爱，才更令人流连忘返~、大型蛋糕、夏日泳圈、初音未来的拍立得、闪烁的花束",高级曲奇礼盒套装、MX-野外战口粮 C型 甜品风味、抹茶味弹珠汽水、高档自助餐招待券,其他金礼物
真里奈（旗袍）,16.33301,14.782877,55.735746,86.851633,86.851633,时髦梳子、清新的花束、美丽花束,高级蛋形工艺品、桌游《人生》,其他紫礼物,,蝴蝶结玩具熊、初音未来的拍立得、闪烁的花束,天体望远镜、藏宝图、装扮用圈圈眼镜、世界上最没用的机器、绘画颜料30色套装、益智魔方、看似昂贵的贪婪之坛、发条音乐盒,其他金礼物
巴（旗袍）,15.970054,14.7261,55.233215,85.929369,85.929369,莎姆艾菈【Beyond】、清新的花束、美丽花束,街头混混系列第1本、时髦梳子,其他紫礼物,,樱桃唇彩、初音未来的拍立得、闪烁的花束,"无法实现的爱恋
~正因为是不被世间容许的爱，才更令人流连忘返~、游戏杂志《HIT GIRLS》、《枪、可爱、青春》、跳跃侦探兔
~由大雾引发的温泉滑倒事件~、古典诗集、刺绣手绢、百科全书",其他金礼物
丽情,14.518231,14.113904,51.014968,79.647103,79.647103,一天三次哑铃套装、清新的花束、美丽花束,,其他紫礼物,,营养补充剂、初音未来的拍立得、闪烁的花束,佩洛洛健腹轮、健身圈、藏宝图,其他金礼物
妃咲,16.695966,15.825834,55.134215,87.656015,87.656015,最高级枫树盆栽、清新的花束、美丽花束,街头混混系列第1本,其他紫礼物,,可爱的餐具套装、初音未来的拍立得、闪烁的花束,"无法实现的爱恋
~正因为是不被世间容许的爱，才更令人流连忘返~、游戏杂志《HIT GIRLS》、《枪、可爱、青春》、跳跃侦探兔
~由大雾引发的温泉滑倒事件~、装扮用圈圈眼镜、古典诗集、食虫植物盆栽、看似昂贵的贪婪之坛、百科全书",其他金礼物
玛丽（偶像）,14.155275,14.210897,50.512437,78.878609,78.878609,针线套装、清新的花束、美丽花束,,其他紫礼物,,可爱的餐具套装、刺绣手绢、初音未来的拍立得、闪烁的花束,,其他金礼物
樱子（偶像）,17.058922,16.12837,55.636746,88.824038,88.824038,千层酥咖啡厅的正宗芭菲、清新的花束、美丽花束,街头混混系列第1本,其他紫礼物,,营养补充剂、初音未来的拍立得、闪烁的花束,"无法实现的爱恋
~正因为是不被世间容许的爱，才更令人流连忘返~、游戏杂志《HIT GIRLS》、《枪、可爱、青春》、跳跃侦探兔
~由大雾引发的温泉滑倒事件~、装扮用圈圈眼镜、世界上最没用的机器、古典诗集、食虫植物盆栽、看似昂贵的贪婪之坛、百科全书",其他金礼物
美祢（偶像）,15.970054,14.929289,54.129153,85.028496,85.028496,时髦梳子、清新的花束、美丽花束,莎姆艾菈【Beyond】,其他紫礼物,,波浪猫枕头、樱桃唇彩、蝴蝶结玩具熊、初音未来的拍立得、闪烁的花束,佩洛洛健腹轮、让皮肤更加白皙透亮的护肤霜、迷彩伪装用粉底液3件套,其他金礼物
千明,15.607098,14.037924,53.626622,83.271644,83.271644,A-Book Rare、清新的花束、美丽花束,街头混混系列第1本,其他紫礼物,,古典诗集、初音未来的拍立得、闪烁的花束,"无法实现的爱恋
~正因为是不被世间容许的爱，才更令人流连忘返~、游戏杂志《HIT GIRLS》、《枪、可爱、青春》、跳跃侦探兔
~由大雾引发的温泉滑倒事件~、世界上最没用的机器、百科全书",其他金礼物
皋月,15.970054,14.630706,54.129153,84.729913,84.729913,高级蛋形工艺品、清新的花束、美丽花束,街头混混系列第1本,其他紫礼物,,百科全书、初音未来的拍立得、闪烁的花束,"无法实现的爱恋
~正因为是不被世间容许的爱，才更令人流连忘返~、游戏杂志《HIT GIRLS》、《枪、可爱、青春》、跳跃侦探兔
~由大雾引发的温泉滑倒事件~、世界上最没用的机器、古典诗集、营养补充剂",其他金礼物
优香（睡衣）,15.607098,14.846336,54.730684,85.184118,85.184118,蕾丝枕头、清新的花束、美丽花束,莎姆艾菈【Beyond】、A-Book Rare,其他紫礼物,,波浪猫枕头、初音未来的拍立得、闪烁的花束,埃帕蓝牙耳机、樱桃唇彩、让皮肤更加白皙透亮的护肤霜、迷彩伪装用粉底液3件套、Game Girl Color复刻版、果冻抱枕,其他金礼物
诺亚（睡衣）,17.058922,15.56548,56.740808,89.36521,89.36521,蕾丝枕头、清新的花束、美丽花束,街头混混系列第1本、莎姆艾菈【Beyond】,其他紫礼物,,古典诗集、初音未来的拍立得、闪烁的花束,"波浪猫枕头、无法实现的爱恋
~正因为是不被世间容许的爱，才更令人流连忘返~、游戏杂志《HIT GIRLS》、樱桃唇彩、让皮肤更加白皙透亮的护肤霜、迷彩伪装用粉底液3件套、《枪、可爱、青春》、果冻抱枕、跳跃侦探兔
~由大雾引发的温泉滑倒事件~、百科全书",其他金礼物
圣娅,16.33301,14.907495,53.527622,84.768127,84.768127,街头混混系列第1本、清新的花束、美丽花束,,其他紫礼物,,古典诗集、初音未来的拍立得、闪烁的花束,"无法实现的爱恋
~正因为是不被世间容许的爱，才更令人流连忘返~、游戏杂志《HIT GIRLS》、《枪、可爱、青春》、跳跃侦探兔
~由大雾引发的温泉滑倒事件~、装扮用圈圈眼镜、食虫植物盆栽、看似昂贵的贪婪之坛、百科全书",其他金礼物
明日奈（制服）,14.518231,13.505135,51.014968,79.038334,79.038334,莎姆艾菈【Beyond】、清新的花束、美丽花束,,其他紫礼物,,樱桃唇彩、让皮肤更加白皙透亮的护肤霜、初音未来的拍立得、闪烁的花束,迷彩伪装用粉底液3件套,其他金礼物
花凛（制服）,14.155275,13.867568,50.512437,78.53528,78.53528,针线套装、清新的花束、美丽花束,,其他紫礼物,,可爱的餐具套装、初音未来的拍立得、闪烁的花束,"无法实现的爱恋
~正因为是不被世间容许的爱，才更令人流连忘返~、刺绣手绢",其他金礼物
妮露（制服）,16.695966,15.459887,54.030153,86.186006,86.186006,桌游《人生》、清新的花束、美丽花束,,其他紫礼物,,装扮用圈圈眼镜、初音未来的拍立得、闪烁的花束,游戏杂志《HIT GIRLS》、天体望远镜、Game Girl Color复刻版、健身圈、蝴蝶结玩具熊、绘画颜料30色套装、益智魔方、食虫植物盆栽、看似昂贵的贪婪之坛,其他金礼物
莉音,15.244143,14.352813,52.02003,81.616986,81.616986,A-Book Rare、清新的花束、美丽花束,,其他紫礼物,,天体望远镜、初音未来的拍立得、闪烁的花束,埃帕蓝牙耳机、Game Girl Color复刻版、装扮用圈圈眼镜、食虫植物盆栽、看似昂贵的贪婪之坛,其他金礼物
真纪（露营）,15.244143,14.24813,53.124091,82.616364,82.616364,时髦梳子、清新的花束、美丽花束,A-Book Rare,其他紫礼物,,Game Girl Color复刻版、绘画颜料30色套装、初音未来的拍立得、闪烁的花束,埃帕蓝牙耳机、游戏杂志《HIT GIRLS》、健身圈,其他金礼物
濑名（便服）,14.881187,14.440442,51.517499,80.839128,80.839128,营养满分综合维他命果冻、清新的花束、美丽花束,,其他紫礼物,,营养补充剂、初音未来的拍立得、闪烁的花束,装扮用圈圈眼镜、食虫植物盆栽、看似昂贵的贪婪之坛、百科全书,其他金礼物
朱莉（打工）,14.155275,13.933022,50.512437,78.600734,78.600734,千层酥咖啡厅的正宗芭菲、清新的花束、美丽花束,,其他紫礼物,,刺绣手绢、初音未来的拍立得、闪烁的花束,樱桃唇彩、可爱的餐具套装,其他金礼物
泉（正月）,14.518231,13.33602,49.910906,77.765157,77.765157,清新的花束、美丽花束,千层酥咖啡厅的正宗芭菲,其他紫礼物,,抹茶味弹珠汽水、初音未来的拍立得、闪烁的花束,高级曲奇礼盒套装、MX-野外战口粮 C型 甜品风味、大型蛋糕,其他金礼物
丽,13.79232,12.890329,50.009906,76.692555,76.692555,A-Book Rare、清新的花束、美丽花束,,其他紫礼物,,初音未来的拍立得、闪烁的花束,埃帕蓝牙耳机、Game Girl Color复刻版、藏宝图,其他金礼物
堇（打工）,14.155275,13.608701,51.616499,79.380475,79.380475,营养满分综合维他命果冻、清新的花束、美丽花束,一天三次哑铃套装,其他紫礼物,,健身圈、初音未来的拍立得、闪烁的花束,佩洛洛健腹轮、营养补充剂,其他金礼物
纱织（礼服）,14.518231,13.757045,52.11903,80.394306,80.394306,时髦梳子、清新的花束、美丽花束,莎姆艾菈【Beyond】,其他紫礼物,,樱桃唇彩、初音未来的拍立得、闪烁的花束,让皮肤更加白皙透亮的护肤霜、迷彩伪装用粉底液3件套、刺绣手绢,其他金礼物
光,15.607098,14.399542,52.522561,82.529201,82.529201,千层酥咖啡厅的正宗芭菲、清新的花束、美丽花束,,其他紫礼物,,高级曲奇礼盒套装、初音未来的拍立得、闪烁的花束,游戏杂志《HIT GIRLS》、Game Girl Color复刻版、MX-野外战口粮 C型 甜品风味、抹茶味弹珠汽水、健身圈、大型蛋糕,其他金礼物
望,16.33301,14.782877,54.631684,85.747571,85.747571,桌游《人生》、清新的花束、美丽花束,高级蛋形工艺品,其他紫礼物,,装扮用圈圈眼镜、初音未来的拍立得、闪烁的花束,天体望远镜、藏宝图、世界上最没用的机器、蝴蝶结玩具熊、绘画颜料30色套装、益智魔方、看似昂贵的贪婪之坛、发条音乐盒,其他金礼物
青叶,14.518231,14.205509,53.223091,81.946831,81.946831,针线套装、清新的花束、美丽花束,营养满分综合维他命果冻、音乐演奏会门票,其他紫礼物,,高档自助餐招待券、初音未来的拍立得、闪烁的花束,电影预售票、可爱的餐具套装、营养补充剂,其他金礼物
菲娜（导游）,15.970054,14.68865,54.129153,84.787857,84.787857,街头混混系列第1本、清新的花束、美丽花束,音乐演奏会门票,其他紫礼物,,电影预售票、初音未来的拍立得、闪烁的花束,"无法实现的爱恋
~正因为是不被世间容许的爱，才更令人流连忘返~、游戏杂志《HIT GIRLS》、《枪、可爱、青春》、跳跃侦探兔
~由大雾引发的温泉滑倒事件~、古典诗集、高档自助餐招待券、百科全书",其他金礼物
名草,15.607098,14.491534,53.626622,83.725254,83.725254,时髦梳子、清新的花束、美丽花束,千层酥咖啡厅的正宗芭菲,其他紫礼物,,古典诗集、初音未来的拍立得、闪烁的花束,让皮肤更加白皙透亮的护肤霜、高级曲奇礼盒套装、MX-野外战口粮 C型 甜品风味、抹茶味弹珠汽水、大型蛋糕、刺绣手绢,其他金礼物
尼娅,17.784833,16.207705,57.74587,91.738408,91.738408,最高级枫树盆栽、清新的花束、美丽花束,高级蛋形工艺品、桌游《人生》,其他紫礼物,,"无法实现的爱恋
~正因为是不被世间容许的爱，才更令人流连忘返~、装扮用圈圈眼镜、看似昂贵的贪婪之坛、初音未来的拍立得、闪烁的花束",天体望远镜、藏宝图、世界上最没用的机器、蝴蝶结玩具熊、绘画颜料30色套装、益智魔方、食虫植物盆栽、发条音乐盒,其他金礼物
夏（乐队）,15.244143,13.957226,52.02003,81.221399,81.221399,千层酥咖啡厅的正宗芭菲、清新的花束、美丽花束,,其他紫礼物,,高级曲奇礼盒套装、大型蛋糕、初音未来的拍立得、闪烁的花束,MX-野外战口粮 C型 甜品风味、抹茶味弹珠汽水、藏宝图,其他金礼物
紫（泳装）,15.607098,15.448532,53.626622,84.682252,84.682252,时髦梳子、清新的花束、美丽花束,千层酥咖啡厅的正宗芭菲,其他紫礼物,,刺绣手绢、夏日泳圈、初音未来的拍立得、闪烁的花束,高级曲奇礼盒套装、MX-野外战口粮 C型 甜品风味、抹茶味弹珠汽水、大型蛋糕,其他金礼物
莲华（泳装）,16.33301,15.543035,54.631684,86.507729,86.507729,针线套装、清新的花束、美丽花束,街头混混系列第1本,其他紫礼物,,"无法实现的爱恋
~正因为是不被世间容许的爱，才更令人流连忘返~、夏日泳圈、初音未来的拍立得、闪烁的花束","游戏杂志《HIT GIRLS》、《枪、可爱、青春》、跳跃侦探兔
~由大雾引发的温泉滑倒事件~、古典诗集、可爱的餐具套装、百科全书",其他金礼物
桔梗（泳装）,16.695966,15.823187,54.030153,86.549306,86.549306,街头混混系列第1本、清新的花束、美丽花束,,其他紫礼物,,《枪、可爱、青春》、百科全书、夏日泳圈、初音未来的拍立得、闪烁的花束,"无法实现的爱恋
~正因为是不被世间容许的爱，才更令人流连忘返~、游戏杂志《HIT GIRLS》、跳跃侦探兔
~由大雾引发的温泉滑倒事件~、古典诗集、营养补充剂",其他金礼物
圣娅（泳装）,17.421877,16.60638,56.139277,90.167534,90.167534,桌游《人生》、清新的花束、美丽花束,街头混混系列第1本,其他紫礼物,,Game Girl Color复刻版、夏日泳圈、初音未来的拍立得、闪烁的花束,"无法实现的爱恋
~正因为是不被世间容许的爱，才更令人流连忘返~、游戏杂志《HIT GIRLS》、《枪、可爱、青春》、跳跃侦探兔
~由大雾引发的温泉滑倒事件~、装扮用圈圈眼镜、古典诗集、食虫植物盆栽、看似昂贵的贪婪之坛、百科全书",其他金礼物
莲见（泳装）,15.607098,14.952727,52.522561,83.082386,83.082386,千层酥咖啡厅的正宗芭菲、清新的花束、美丽花束,,其他紫礼物,,大型蛋糕、夏日泳圈、初音未来的拍立得、闪烁的花束,高级曲奇礼盒套装、MX-野外战口粮 C型 甜品风味、抹茶味弹珠汽水、高档自助餐招待券,其他金礼物
一花（泳装）,15.607098,15.18236,53.626622,84.41608,84.41608,莎姆艾菈【Beyond】、清新的花束、美丽花束,A-Book Rare,其他紫礼物,,樱桃唇彩、夏日泳圈、初音未来的拍立得、闪烁的花束,埃帕蓝牙耳机、让皮肤更加白皙透亮的护肤霜、迷彩伪装用粉底液3件套、Game Girl Color复刻版,其他金礼物
渚（泳装）,15.607098,14.852912,53.626622,84.086632,84.086632,蕾丝枕头、清新的花束、美丽花束,高级蛋形工艺品,其他紫礼物,,高级曲奇礼盒套装、夏日泳圈、初音未来的拍立得、闪烁的花束,藏宝图、世界上最没用的机器、看似昂贵的贪婪之坛、发条音乐盒,其他金礼物
未花（泳装）,14.881187,14.376704,52.621561,81.879452,81.879452,时髦梳子、清新的花束、美丽花束,莎姆艾菈【Beyond】,其他紫礼物,,樱桃唇彩、夏日泳圈、初音未来的拍立得、闪烁的花束,让皮肤更加白皙透亮的护肤霜、迷彩伪装用粉底液3件套,其他金礼物
绘里,15.244143,13.915646,52.02003,81.179819,81.179819,高级蛋形工艺品、清新的花束、美丽花束,,其他紫礼物,,藏宝图、绘画颜料30色套装、初音未来的拍立得、闪烁的花束,世界上最没用的机器、看似昂贵的贪婪之坛、发条音乐盒,其他金礼物
庚,15.970054,14.553358,54.129153,84.652565,84.652565,莎姆艾菈【Beyond】、清新的花束、美丽花束,街头混混系列第1本,其他紫礼物,,"埃帕蓝牙耳机、无法实现的爱恋
~正因为是不被世间容许的爱，才更令人流连忘返~、初音未来的拍立得、闪烁的花束","游戏杂志《HIT GIRLS》、《枪、可爱、青春》、跳跃侦探兔
~由大雾引发的温泉滑倒事件~、古典诗集、百科全书",其他金礼物
美咲（泳装）,14.518231,14.172813,51.014968,79.706012,79.706012,时髦梳子、清新的花束、美丽花束,,其他紫礼物,,蝴蝶结玩具熊、夏日泳圈、初音未来的拍立得、闪烁的花束,刺绣手绢,其他金礼物
美代,16.695966,14.985338,55.134215,86.815519,86.815519,街头混混系列第1本、清新的花束、美丽花束,高级蛋形工艺品,其他紫礼物,,"跳跃侦探兔
~由大雾引发的温泉滑倒事件~、初音未来的拍立得、闪烁的花束","无法实现的爱恋
~正因为是不被世间容许的爱，才更令人流连忘返~、游戏杂志《HIT GIRLS》、《枪、可爱、青春》、藏宝图、世界上最没用的机器、古典诗集、看似昂贵的贪婪之坛、发条音乐盒、百科全书",其他金礼物
冬,14.518231,13.621753,51.014968,79.154952,79.154952,莎姆艾菈【Beyond】、清新的花束、美丽花束,,其他紫礼物,,电影预售票、初音未来的拍立得、闪烁的花束,樱桃唇彩、让皮肤更加白皙透亮的护肤霜、迷彩伪装用粉底液3件套,其他金礼物
律,15.607098,14.430031,53.626622,83.663751,83.663751,最高级枫树盆栽、清新的花束、美丽花束,桌游《人生》,其他紫礼物,,装扮用圈圈眼镜、初音未来的拍立得、闪烁的花束,天体望远镜、蝴蝶结玩具熊、绘画颜料30色套装、益智魔方、食虫植物盆栽、看似昂贵的贪婪之坛,其他金礼物
玲纱（魔法）,19.236656,17.148468,59.755994,96.141118,96.141118,街头混混系列第1本、清新的花束、美丽花束,千层酥咖啡厅的正宗芭菲、桌游《人生》,其他紫礼物,,游戏杂志《HIT GIRLS》、初音未来的拍立得、闪烁的花束,"无法实现的爱恋
~正因为是不被世间容许的爱，才更令人流连忘返~、高级曲奇礼盒套装、《枪、可爱、青春》、天体望远镜、Game Girl Color复刻版、MX-野外战口粮 C型 甜品风味、抹茶味弹珠汽水、跳跃侦探兔
~由大雾引发的温泉滑倒事件~、健身圈、装扮用圈圈眼镜、蝴蝶结玩具熊、绘画颜料30色套装、古典诗集、益智魔方、大型蛋糕、百科全书",其他金礼物
铃美（魔法）,16.33301,15.482639,56.839808,88.655457,88.655457,时髦梳子、清新的花束、美丽花束,蕾丝枕头、莎姆艾菈【Beyond】、A-Book Rare,其他紫礼物,,埃帕蓝牙耳机、让皮肤更加白皙透亮的护肤霜、初音未来的拍立得、闪烁的花束,波浪猫枕头、樱桃唇彩、迷彩伪装用粉底液3件套、Game Girl Color复刻版、果冻抱枕、发条音乐盒,其他金礼物
兰舞,16.695966,15.487163,56.238277,88.421406,88.421406,一天三次哑铃套装、清新的花束、美丽花束,高级蛋形工艺品、千层酥咖啡厅的正宗芭菲,其他紫礼物,,佩洛洛健腹轮、初音未来的拍立得、闪烁的花束,高级曲奇礼盒套装、MX-野外战口粮 C型 甜品风味、抹茶味弹珠汽水、健身圈、藏宝图、世界上最没用的机器、大型蛋糕、看似昂贵的贪婪之坛、发条音乐盒,其他金礼物
昴,17.058922,15.634976,55.636746,88.330644,88.330644,音乐演奏会门票、清新的花束、美丽花束,高级蛋形工艺品,其他紫礼物,,藏宝图、大型蛋糕、发条音乐盒、初音未来的拍立得、闪烁的花束,埃帕蓝牙耳机、樱桃唇彩、迷彩伪装用粉底液3件套、MX-野外战口粮 C型 甜品风味、世界上最没用的机器、看似昂贵的贪婪之坛,其他金礼物
贵音,16.33301,15.240664,54.631684,86.205358,86.205358,音乐演奏会门票、清新的花束、美丽花束,街头混混系列第1本,其他紫礼物,,《枪、可爱、青春》、古典诗集、刺绣手绢、初音未来的拍立得、闪烁的花束,"无法实现的爱恋
~正因为是不被世间容许的爱，才更令人流连忘返~、游戏杂志《HIT GIRLS》、跳跃侦探兔
~由大雾引发的温泉滑倒事件~、百科全书",其他金礼物
八云,16.695966,15.019161,55.134215,86.849342,86.849342,高级蛋形工艺品、清新的花束、美丽花束,街头混混系列第1本,其他紫礼物,,看似昂贵的贪婪之坛、初音未来的拍立得、闪烁的花束,"无法实现的爱恋
~正因为是不被世间容许的爱，才更令人流连忘返~、游戏杂志《HIT GIRLS》、《枪、可爱、青春》、跳跃侦探兔
~由大雾引发的温泉滑倒事件~、藏宝图、世界上最没用的机器、古典诗集、发条音乐盒、百科全书",其他金礼物
月咏（礼服）,15.607098,14.916187,53.626622,84.149907,84.149907,莎姆艾菈【Beyond】、清新的花束、美丽花束,时髦梳子,其他紫礼物,,让皮肤更加白皙透亮的护肤霜、初音未来的拍立得、闪烁的花束,樱桃唇彩、迷彩伪装用粉底液3件套、装扮用圈圈眼镜、食虫植物盆栽、看似昂贵的贪婪之坛、刺绣手绢,其他金礼物
满（礼服）,14.881187,14.18115,51.517499,80.579836,80.579836,时髦梳子、清新的花束、美丽花束,,其他紫礼物,,藏宝图、初音未来的拍立得、闪烁的花束,装扮用圈圈眼镜、食虫植物盆栽、看似昂贵的贪婪之坛、刺绣手绢,其他金礼物
莉音（武装）,15.607098,14.660639,52.522561,82.790298,82.790298,A-Book Rare、清新的花束、美丽花束,,其他紫礼物,,天体望远镜、初音未来的拍立得、闪烁的花束,埃帕蓝牙耳机、Game Girl Color复刻版、装扮用圈圈眼镜、世界上最没用的机器、食虫植物盆栽、看似昂贵的贪婪之坛,其他金礼物
时（武装）,16.33301,15.624572,54.631684,86.589266,86.589266,桌游《人生》、清新的花束、美丽花束,A-Book Rare,其他紫礼物,,Game Girl Color复刻版、电影预售票、初音未来的拍立得、闪烁的花束,埃帕蓝牙耳机、游戏杂志《HIT GIRLS》、健身圈、装扮用圈圈眼镜、食虫植物盆栽、看似昂贵的贪婪之坛,其他金礼物
日鞠（武装）,15.244143,14.206767,52.02003,81.47094,81.47094,高级蛋形工艺品、清新的花束、美丽花束,,其他紫礼物,,世界上最没用的机器、初音未来的拍立得、闪烁的花束,藏宝图、看似昂贵的贪婪之坛、发条音乐盒、百科全书、营养补充剂,其他金礼物
爱丽丝（武装）,16.33301,15.290023,54.631684,86.254717,86.254717,桌游《人生》、清新的花束、美丽花束,时髦梳子,其他紫礼物,,Game Girl Color复刻版、初音未来的拍立得、闪烁的花束,游戏杂志《HIT GIRLS》、天体望远镜、健身圈、装扮用圈圈眼镜、蝴蝶结玩具熊、绘画颜料30色套装、益智魔方、刺绣手绢,其他金礼物
柯伊,15.607098,14.632995,52.522561,82.762654,82.762654,莎姆艾菈【Beyond】、清新的花束、美丽花束,,其他紫礼物,,樱桃唇彩、Game Girl Color复刻版、初音未来的拍立得、闪烁的花束,游戏杂志《HIT GIRLS》、让皮肤更加白皙透亮的护肤霜、迷彩伪装用粉底液3件套、健身圈,其他金礼物
艾米（武装）,14.881187,13.699716,51.517499,80.098402,80.098402,营养满分综合维他命果冻、清新的花束、美丽花束,,其他紫礼物,,"无法实现的爱恋
~正因为是不被世间容许的爱，才更令人流连忘返~、初音未来的拍立得、闪烁的花束",游戏杂志《HIT GIRLS》、Game Girl Color复刻版、健身圈、藏宝图,其他金礼物
柚子（武装）,15.244143,14.270539,53.124091,82.638773,82.638773,A-Book Rare、清新的花束、美丽花束,莎姆艾菈【Beyond】,其他紫礼物,,迷彩伪装用粉底液3件套、Game Girl Color复刻版、初音未来的拍立得、闪烁的花束,樱桃唇彩、让皮肤更加白皙透亮的护肤霜、MX-野外战口粮 C型 甜品风味,其他金礼物
小雪（睡衣）,14.881187,14.187726,52.621561,81.690474,81.690474,桌游《人生》、清新的花束、美丽花束,蕾丝枕头,其他紫礼物,,波浪猫枕头、初音未来的拍立得、闪烁的花束,果冻抱枕、装扮用圈圈眼镜、食虫植物盆栽、看似昂贵的贪婪之坛,其他金礼物
木乃香,16.695966,15.487163,56.238277,88.421406,88.421406,一天三次哑铃套装、清新的花束、美丽花束,蕾丝枕头、街头混混系列第1本,其他紫礼物,,佩洛洛健腹轮、初音未来的拍立得、闪烁的花束,"波浪猫枕头、无法实现的爱恋
~正因为是不被世间容许的爱，才更令人流连忘返~、游戏杂志《HIT GIRLS》、《枪、可爱、青春》、果冻抱枕、跳跃侦探兔
~由大雾引发的温泉滑倒事件~、健身圈、古典诗集、百科全书",其他金礼物
丽奈,15.244143,14.600031,54.228153,84.072327,84.072327,针线套装、清新的花束、美丽花束,莎姆艾菈【Beyond】、时髦梳子,其他紫礼物,,蝴蝶结玩具熊、刺绣手绢、初音未来的拍立得、闪烁的花束,樱桃唇彩、让皮肤更加白皙透亮的护肤霜、迷彩伪装用粉底液3件套,其他金礼物
茜（制服）,15.244143,14.559422,53.124091,82.927656,82.927656,针线套装、清新的花束、美丽花束,高级蛋形工艺品,其他紫礼物,,可爱的餐具套装、发条音乐盒、初音未来的拍立得、闪烁的花束,藏宝图、世界上最没用的机器、看似昂贵的贪婪之坛,其他金礼物
妮可,15.244143,14.269443,53.124091,82.637677,82.637677,针线套装、清新的花束、美丽花束,千层酥咖啡厅的正宗芭菲,其他紫礼物,,MX-野外战口粮 C型 甜品风味、初音未来的拍立得、闪烁的花束,迷彩伪装用粉底液3件套、高级曲奇礼盒套装、抹茶味弹珠汽水、可爱的餐具套装、大型蛋糕,其他金礼物
胡桃,14.518231,13.388949,51.014968,78.922148,78.922148,桌游《人生》、清新的花束、美丽花束,,其他紫礼物,,让皮肤更加白皙透亮的护肤霜、初音未来的拍立得、闪烁的花束,迷彩伪装用粉底液3件套、MX-野外战口粮 C型 甜品风味、蝴蝶结玩具熊,其他金礼物
御伽,14.881187,13.940867,52.621561,81.443615,81.443615,高级蛋形工艺品、清新的花束、美丽花束,一天三次哑铃套装,其他紫礼物,,健身圈、初音未来的拍立得、闪烁的花束,佩洛洛健腹轮、迷彩伪装用粉底液3件套、MX-野外战口粮 C型 甜品风味、藏宝图,其他金礼物
绘梨香,17.058922,15.624134,56.740808,89.423864,89.423864,时髦梳子、清新的花束、美丽花束,街头混混系列第1本、莎姆艾菈【Beyond】,其他紫礼物,,蝴蝶结玩具熊、初音未来的拍立得、闪烁的花束,"无法实现的爱恋
~正因为是不被世间容许的爱，才更令人流连忘返~、游戏杂志《HIT GIRLS》、樱桃唇彩、让皮肤更加白皙透亮的护肤霜、迷彩伪装用粉底液3件套、《枪、可爱、青春》、跳跃侦探兔
~由大雾引发的温泉滑倒事件~、古典诗集、刺绣手绢、百科全书",其他金礼物
春香（礼服）,16.695966,15.690101,56.238277,88.624344,88.624344,最高级枫树盆栽、清新的花束、美丽花束,高级蛋形工艺品、桌游《人生》,其他紫礼物,,食虫植物盆栽、初音未来的拍立得、闪烁的花束,天体望远镜、藏宝图、装扮用圈圈眼镜、世界上最没用的机器、蝴蝶结玩具熊、绘画颜料30色套装、益智魔方、看似昂贵的贪婪之坛、发条音乐盒,其他金礼物
睦月（礼服）,15.607098,14.430031,52.522561,82.55969,82.55969,桌游《人生》、清新的花束、美丽花束,,其他紫礼物,,装扮用圈圈眼镜、初音未来的拍立得、闪烁的花束,天体望远镜、蝴蝶结玩具熊、绘画颜料30色套装、益智魔方、食虫植物盆栽、看似昂贵的贪婪之坛,其他金礼物
名草（泳装）,16.695966,15.793,56.238277,88.727243,88.727243,时髦梳子、清新的花束、美丽花束,莎姆艾菈【Beyond】、千层酥咖啡厅的正宗芭菲,其他紫礼物,,古典诗集、夏日泳圈、初音未来的拍立得、闪烁的花束,樱桃唇彩、让皮肤更加白皙透亮的护肤霜、迷彩伪装用粉底液3件套、高级曲奇礼盒套装、MX-野外战口粮 C型 甜品风味、抹茶味弹珠汽水、大型蛋糕,其他金礼物
瞬（泳装）,15.244143,14.600031,53.124091,82.968265,82.968265,营养满分综合维他命果冻、清新的花束、美丽花束,莎姆艾菈【Beyond】,其他紫礼物,,益智魔方、夏日泳圈、初音未来的拍立得、闪烁的花束,樱桃唇彩、让皮肤更加白皙透亮的护肤霜、迷彩伪装用粉底液3件套,其他金礼物
雪玲（泳装）,15.244143,14.600031,53.124091,82.968265,82.968265,营养满分综合维他命果冻、清新的花束、美丽花束,莎姆艾菈【Beyond】,其他紫礼物,,益智魔方、夏日泳圈、初音未来的拍立得、闪烁的花束,樱桃唇彩、让皮肤更加白皙透亮的护肤霜、迷彩伪装用粉底液3件套,其他金礼物
妃咲（泳装）,15.607098,15.448532,52.522561,83.578191,83.578191,高级蛋形工艺品、清新的花束、美丽花束,,其他紫礼物,,刺绣手绢、夏日泳圈、初音未来的拍立得、闪烁的花束,藏宝图、世界上最没用的机器、看似昂贵的贪婪之坛、发条音乐盒,其他金礼物
真琴（泳装）,16.33301,15.73692,54.631684,86.701614,86.701614,时髦梳子、清新的花束、美丽花束,高级蛋形工艺品,其他紫礼物,,藏宝图、看似昂贵的贪婪之坛、夏日泳圈、初音未来的拍立得、闪烁的花束,装扮用圈圈眼镜、世界上最没用的机器、食虫植物盆栽、发条音乐盒,其他金礼物
皋月（泳装）,16.33301,15.543035,54.631684,86.507729,86.507729,高级蛋形工艺品、清新的花束、美丽花束,街头混混系列第1本,其他紫礼物,,百科全书、夏日泳圈、初音未来的拍立得、闪烁的花束,"无法实现的爱恋
~正因为是不被世间容许的爱，才更令人流连忘返~、游戏杂志《HIT GIRLS》、《枪、可爱、青春》、跳跃侦探兔
~由大雾引发的温泉滑倒事件~、古典诗集、营养补充剂",其他金礼物
千明（泳装）,15.970054,14.958131,54.129153,85.057338,85.057338,A-Book Rare、清新的花束、美丽花束,街头混混系列第1本,其他紫礼物,,古典诗集、夏日泳圈、初音未来的拍立得、闪烁的花束,"无法实现的爱恋
~正因为是不被世间容许的爱，才更令人流连忘返~、游戏杂志《HIT GIRLS》、《枪、可爱、青春》、跳跃侦探兔
~由大雾引发的温泉滑倒事件~、百科全书",其他金礼物
伊吕波（泳装）,16.695966,15.690101,55.134215,87.520282,87.520282,街头混混系列第1本、清新的花束、美丽花束,莎姆艾菈【Beyond】,其他紫礼物,,夏日泳圈、初音未来的拍立得、闪烁的花束,"无法实现的爱恋
~正因为是不被世间容许的爱，才更令人流连忘返~、游戏杂志《HIT GIRLS》、樱桃唇彩、让皮肤更加白皙透亮的护肤霜、迷彩伪装用粉底液3件套、《枪、可爱、青春》、跳跃侦探兔
~由大雾引发的温泉滑倒事件~、古典诗集、百科全书",其他金礼物
伊吹（泳装）,17.058922,15.983561,55.636746,88.679229,88.679229,桌游《人生》、清新的花束、美丽花束,千层酥咖啡厅的正宗芭菲,其他紫礼物,,绘画颜料30色套装、夏日泳圈、初音未来的拍立得、闪烁的花束,高级曲奇礼盒套装、天体望远镜、MX-野外战口粮 C型 甜品风味、抹茶味弹珠汽水、装扮用圈圈眼镜、蝴蝶结玩具熊、益智魔方、大型蛋糕,其他金礼物
